,tanggal,tweet
0,2023-01-20,@AnakLolina2 Smoga kedepannya GP ada yg mengusung jdi calon presiden 2024 mendatang..
1,2023-01-20,"Muzani menegaskan, keputusan calon presiden dan wakil presiden yang akan maju di Pilpres 2024 ada di tangan Prabowo dan Cak Imin.

capres2024

pemilu2024

dekade08

mendingprabowo"
2,2023-01-20,"Sekjen Muzani menegaskan, keputusan calon presiden dan wakil presiden yang akan maju di Pilpres 2024 ada di tangan Prabowo dan Cak Imin.

capres2024

pemilu2024

dekade08

mendingprabowo"
3,2023-01-20,"Muzani menegaskan, keputusan calon presiden dan wakil presiden yang akan maju di Pilpres 2024 ada di tangan Prabowo dan Cak Imin.

capres2024

pemilu2024

dekade08

mendingprabowo"
4,2023-01-20,"@CNNIndonesia Bukan anggaran covid itu dari pengsung calon presiden mu Anies Baswedan bansos anggaran 2020
Yg nilai 2.8 triliun 10000 ton membusuk üòÇüòÇ terus ditambah koalisimu yg merugikan apbd Papua 7.86 triliun ..
Itu kan buat nanti parpol 2024 yg udh ada dana kan üòÇüòÇü§≠üáÆüá©ü§ü"
5,2023-01-20,"Sekjen Muzani menegaskan, keputusan calon presiden dan wakil presiden yang akan maju di Pilpres 2024 ada di tangan Prabowo dan Cak Imin.

capres2024

pemilu2024

dekade08

mendingprabowo"
6,2023-01-20,"Muzani menegaskan, keputusan calon presiden dan wakil presiden yang akan maju di Pilpres 2024 ada di tangan Prabowo dan Cak Imin.

capres2024

pemilu2024

dekade08

mendingprabowo"
7,2023-01-20,"Sekjen Muzani menegaskan, keputusan calon presiden dan wakil presiden yang akan maju di Pilpres 2024 ada di tangan Prabowo dan Cak Imin.

capres2024

pemilu2024

dekade08

mendingprabowo"
8,2023-01-20,"Muzani menegaskan, keputusan calon presiden dan wakil presiden yang akan maju di Pilpres 2024 ada di tangan Prabowo dan Cak Imin.

capres2024

pemilu2024

dekade08

mendingprabowo"
9,2023-01-20,"Sekjen Muzani menegaskan, keputusan calon presiden dan wakil presiden yang akan maju di Pilpres 2024 ada di tangan Prabowo dan Cak Imin.

capres2024

pemilu2024

dekade08

mendingprabowo"
10,2023-01-20,"Muzani menegaskan, keputusan calon presiden dan wakil presiden yang akan maju di Pilpres 2024 ada di tangan Prabowo dan Cak Imin.

capres2024

pemilu2024

dekade08

mendingprabowo"
11,2023-01-20,"Sekjen Muzani menegaskan, keputusan calon presiden dan wakil presiden yang akan maju di Pilpres 2024 ada di tangan Prabowo dan Cak Imin.

capres2024

pemilu2024

dekade08

mendingprabowo"
12,2023-01-20,"Muzani menegaskan, keputusan calon presiden dan wakil presiden yang akan maju di Pilpres 2024 ada di tangan Prabowo dan Cak Imin.

capres2024

pemilu2024

dekade08

mendingprabowo"
13,2023-01-20,"Sekjen Muzani menegaskan, keputusan calon presiden dan wakil presiden yang akan maju di Pilpres 2024 ada di tangan Prabowo dan Cak Imin.

capres2024

pemilu2024

dekade08

mendingprabowo"
14,2023-01-20,"Sekjen Muzani menegaskan, keputusan calon presiden dan wakil presiden yang akan maju di Pilpres 2024 ada di tangan Prabowo dan Cak Imin.

@prabowo

#capres2024

#pemilu2024

#dekade08

#mendingprabowo"
15,2023-01-20,"Muzani menegaskan, keputusan calon presiden dan wakil presiden yang akan maju di Pilpres 2024 ada di tangan Prabowo dan Cak Imin.

capres2024

pemilu2024

dekade08

mendingprabowo"
16,2023-01-20,"Muzani menegaskan, keputusan calon presiden dan wakil presiden yang akan maju di Pilpres 2024 ada di tangan Prabowo dan Cak Imin.

@prabowo

#capres2024

#pemilu2024

#dekade08

#mendingprabowo #NOW"
17,2023-01-20,"Sekjen Muzani menegaskan, keputusan calon presiden dan wakil presiden yang akan maju di Pilpres 2024 ada di tangan Prabowo dan Cak Imin.

capres2024

pemilu2024

dekade08

mendingprabowo"
18,2023-01-20,"Sekjen Muzani menegaskan, keputusan calon presiden dan wakil presiden yang akan maju di Pilpres 2024 ada di tangan Prabowo dan Cak Imin.

@prabowo

#capres2024

#pemilu2024

#dekade08

#mendingprabowo"
19,2023-01-20,"Muzani menegaskan, keputusan calon presiden dan wakil presiden yang akan maju di Pilpres 2024 ada di tangan Prabowo dan Cak Imin.

@prabowo

#capres2024

#pemilu2024

#dekade08

#mendingprabowo #NOW"
20,2023-01-20,"Muzani menegaskan, keputusan calon presiden dan wakil presiden yang akan maju di Pilpres 2024 ada di tangan Prabowo dan Cak Imin.

capres2024

pemilu2024

dekade08

mendingprabowo"
21,2023-01-20,@MbakPuan_2024 Sudah pasti 2024 nanti bakal calon presiden RI nanti adalah Puan maharaniüî•üëç
22,2023-01-20,"Menteri BUMN @erickthohir  menjadi figur yang digadang kuat maju sebagai calon wakil presiden (cawapres) 2024. Raihan cemerlang yang berhasil dicapai Erick Thohir di Kementerian BUMN ¬†membuat peluang bertarung dalam Pilpres semakin besar
#BangkitBersamaET https://t.co/AoPmyNg4L0"
23,2023-01-20,"Ketua DPP Partai Keadilan Sejahtera (PKS) Mardani Ali Sera memastikan pihaknya tetap mendukung¬†@aniesbaswedan¬†sebagai calon presiden (capres) 2024. Deklarasi direncanakan digelar pada Februari mendatang

#aniesbaswedan #pilpres2024 

 https://t.co/3ABwxF3IYy via @medcom_id"
24,2023-01-20,"Ketua Umum Partai Bulan Bintang (PBB) Yusril Ihza Mahendra meramaikan bursa calon presiden (capres) dan calon wakil presiden (cawapres) jelang Pemilihan Presiden (Pilpres) 2024. Pasalnya, Yusril diusung partainya untuk maju sebagai capres atau cawapres.‚Ä¶ https://t.co/OdAcucFGQ3"
25,2023-01-20,@sahabatganjarid Milenial calon pemimpin bangsa....satukan hati satukan jiwa...rapatkan barisan...mari bersama2 tuk sukseskan Ganjar Pranowo Presiden RI 2024.
26,2023-01-20,"PDIP belum tentukan calon presiden hadapi Pilpres 2024. Namun nama Ketua DPR RI Puan Maharani santer disebut paling layak capres.
https://t.co/Ojh23nK0lC"
27,2023-01-20,"Partai PBB sepakat akan mengusung Ketua Umum PBB Yusril Ihza Mahendra untuk maju sebagai calon presiden ataupun calon wapres pada Pilpres 2024.

https://t.co/NVZ2wdAJOc"
28,2023-01-20,"PDIP belum tentukan calon presiden hadapi Pilpres 2024. Namun nama Ketua DPR RI Puan Maharani santer disebut paling layak capres.
https://t.co/fvF7CWt8RQ"
29,2023-01-20,"MasyaAllah ‚ù§üòç
Semoga Allah memberkahi rumah tangga calon presiden kita ü§≤ aamiin. 
2024 
Good bener ya Pak @aniesbaswedan https://t.co/BBPliBkMsu"
30,2023-01-20,"PDIP belum tentukan calon presiden hadapi Pilpres 2024. Namun nama Ketua DPR RI Puan Maharani santer disebut paling layak capres.
https://t.co/hoFrRiTF53"
31,2023-01-20,"Lembaga survei Indonesia Network Election Survei (INES) menyatakan @airlangga_hrt dan @Dr_Moeldoko menjadi pasangan calon presiden dan calon wakil presiden pada Pilpres 2024 yang merupakan pilihan para  pelaku usaha. 
#MoeldokoPenjagaNKRI https://t.co/6AWQ9NFhCg"
32,2023-01-20,"Mencuat di publik, nama @airlangga_hrt digadang-gadang sebagai calon presiden ideal jika dipasangkan dengan KSP @Dr_Moeldoko di pilpres 2024. Para pelaku usaha menilai duet Airlangga-Moeldoko merupakan pasangan yang paling siap meneruskan program Jokowi. 
#MoeldokoPenjagaNKRI https://t.co/psYXKnGCQf"
33,2023-01-20,"Prabowo Subianto, Ganjar Pranowo dan Anies Baswedan menjadi tiga kandidat calon presiden atau Capres 2024 yang mempunyai elektabilitas mumpuni berdasarkan hasil survei Charta Politika dan Litbang Kompas. - Prabowo Subianto #BersatuNegeri #BangkitBersama"
34,2023-01-20,"Nama @airlangga_hrt dan KSP @Dr_Moeldoko 
Calon pilpres 2024
Yang Menjadi Pasangan Paling Siap Meneruskan Program - Program Presiden @jokowi 

#MoeldokoPenjagaNKRI https://t.co/QXLaqUKafF"
35,2023-01-20,"Tak cuma itu, LSN menunjukkan 26,4 persen responden menginginkan calon presiden pada 2024 berlatar belakang militer atau TNI.

Prabowo Subianto
#BangkitBersama #BersatuNegeri https://t.co/hKBWeH2UfU"
36,2023-01-20,@aniesbaswedan @feryfarhati Byk yg kejang2 pak Anis. Negeri Anoha lebih suka yg narsis2 dan lebay. Haleluya.. calon presiden 2024.
37,2023-01-20,"‚ÄúItu sebabnya, kita semua ingin agar Ketua Dewan Pembina dan Ketua Umum Partai Gerindra, Prabowo Subianto dalam Pilpres 2024 maju sebagai calon presiden,‚Äù tutur Muzani, Sabtu (28/08/2021).
#BersatuNegeri 
#BangkitBersama"
38,2023-01-20,"""Presiden Joko Widodo (Jokowi) angkat bicara soal dukungannya terhadap para calon presiden dan wakil presiden di Pemilihan Presiden (Pilpres) 2024.
https://t.co/lMhuzR2ggI
#BersatuNegeri
#BangkitBersama Prabowo Subianto good leader"""
39,2023-01-20,"""Partai Gerindra menyambut positif dukungan Presiden Joko Widodo agar Ketua Umum Gerindra Prabowo Subianto maju menjadi calon presiden di tahun 2024.
#BersatuNegeri
#BangkitBersama 
Prabowo Subianto good leader"""
40,2023-01-20,"""Presiden Joko Widodo menyatakan bahwa ia mendukung Menteri Pertahanan Prabowo Subianto untuk maju sebagai calon presiden dalam pemilihan umum 2024 mendatang.
 #BersatuNegeri
#BangkitBersama 
Prabowo Subianto good leader https://t.co/XKnrZgtOLX"""
41,2023-01-20,"Presiden Haidar Alwi Institute (HAI), Haidar Alwi, menduga calon presiden (capres) Partai NasDem¬†Anies Baswedan¬†akan menjadi BONEKA Amerika Serikat bila nantinya memenangkan Pilpres 2024.

https://t.co/NFKxdvEraV"
42,2023-01-20,"""Partai Gerindra menyambut positif dukungan Presiden Joko Widodo agar Ketua Umum Gerindra Prabowo Subianto maju menjadi calon presiden di tahun 2024.
#BersatuNegeri
#BangkitBersama 
Prabowo Subianto good leader https://t.co/dPUt0XHZsw"""
43,2023-01-20,Dasco menegaskan bahwa Gerindra telah satu suara memutuskan untuk mengusung kembali Prabowo Subianto maju calon presiden (capres) di Pemilu 2024. #BersatuNegeri #BangkitBersama
44,2023-01-20,"Siapa calon pemimpin yg layak gantikan Presiden Jokowi nanti? Pakar Komunikasi Politik dari UPH, Emrus Sihombing menilai, yang layak maju di Pilpres 2024 nanti adalah harus yang berkualitas, tidak hanya memiliki elektabilitas &amp; popularitas yang tinggi, layaknya Puan Maharani. https://t.co/nN6XSfshwc"
45,2023-01-20,"Jokowi menjelaskan partai politik dan masyarakat Indonesia harus hati-hati memilih calon presiden untuk Pemilu 2024.
#BersatuNegeri #BangkitBersama"
46,2023-01-20,"https://t.co/Mh2c3EvdDv, Jakarta - Menjelang Pemilu 2024, situasi politik mulai menghangat dengan dihiasi nama-nama tokoh yang digadang-gadang muncul menjadi calon presiden, salah satunya Prabowo Subianto. #BersatuNegeri #BangkitBersama"
47,2023-01-20,"Jokowi mengatakan setelah dia memenangkan Pilpres 2014 dan 2019, maka saat ini adalah kesempatan bagi Prabowo¬†Subianto¬†untuk menjadi bakal calon presiden di Pilpres 2024.
#BersatuNegeri #BangkitBersama"
48,2023-01-20,"Prabowo Subianto saat ini telah mendeklarasikan diri akan maju dalam pemilihan presiden 2024. Deklarasi Partai Gerindra mendukung Prabowo maju dalam calon presiden 
#BangkitBersama #BersatuNegeri"
49,2023-01-20,"(3) ‚ÄúItu sebabnya, kita semua ingin agar Ketua Dewan Pembina dan Ketua Umum Partai Gerindra, Prabowo Subianto dalam Pilpres 2024 maju sebagai calon presiden,‚Äù tutur Muzani, Sabtu (28/08/2021).
#BersatuNegeri 
#BangkitBersama"
50,2023-01-20,"Prabowo Subianto saat ini telah mendeklarasikan diri akan maju dalam pemilihan presiden 2024. Deklarasi Partai Gerindra mendukung Prabowo maju dalam calon presiden 
#BangkitBersam #BersatuNegeri"
51,2023-01-20,"Dua tahun menjelang Pemilihan Presiden (Pilpres) 2024, Presiden Joko Widodo (Jokowi) telah berkali-kali melemparkan kode mengenai sosok yang bakal didukung menjadi calon presiden (capres). #BersatuNegeri #BangkitBersama
Prabowo Subianto"
52,2023-01-20,"Peran¬†king maker¬†Jokowi dalam restu kepada calon presiden untuk Pemilu 2024. 

Prabowo Subianto
#BersatuNegeri https://t.co/rUkoI4Vo1A https://t.co/zsjWHzD9FJ"
53,2023-01-20,"""Partai Gerindra menyambut positif dukungan Presiden Joko Widodo agar Ketua Umum Gerindra Prabowo Subianto maju menjadi calon presiden di tahun 2024.
#BersatuNegeri
#BangkitBersama 
Prabowo Subianto good leader"""
54,2023-01-20,"""Presiden Joko Widodo (Jokowi) angkat bicara soal dukungannya terhadap para calon presiden dan wakil presiden di Pemilihan Presiden (Pilpres) 2024.
https://t.co/ATUHoHfV6M
#BersatuNegeri
#BangkitBersama Prabowo Subianto good leader"""
55,2023-01-20,"""Partai Gerindra menyambut positif dukungan Presiden Joko Widodo agar Ketua Umum Gerindra Prabowo Subianto maju menjadi calon presiden di tahun 2024.
#BersatuNegeri
#BangkitBersama 
Prabowo Subianto good leader"""
56,2023-01-20,"""Presiden Joko Widodo menyatakan bahwa ia mendukung Menteri Pertahanan Prabowo Subianto untuk maju sebagai calon presiden dalam pemilihan umum 2024 mendatang.
 #BersatuNegeri
#BangkitBersama 
Prabowo Subianto good leader https://t.co/CM6oVHQQmK"""
57,2023-01-20,"""Partai Gerindra menyambut positif dukungan Presiden Joko Widodo agar Ketua Umum Gerindra Prabowo Subianto maju menjadi calon presiden di tahun 2024.
#BersatuNegeri
#BangkitBersama 
Prabowo Subianto good leader https://t.co/t55UNVAUnE"""
58,2023-01-20,"‚ÄúItu sebabnya, kita semua ingin agar Ketua Dewan Pembina dan Ketua Umum Partai Gerindra, Prabowo Subianto dalam Pilpres 2024 maju sebagai calon presiden,‚Äù tutur Muzani, Sabtu (28/08/2021).
#BersatuNegeri 
#BangkitBersama"
59,2023-01-20,"Gubernur Jawa Tengah Ganjar Pranowo yang dijuluki ‚ÄòThe Little Jokowi‚Äô dinilai tak akan mampu semoncer Jokowi dalam menghimpun dukungan masyarakat terhadap PDIP. Maka, keriuhan figur Ganjar di bursa Calon Presiden (Capres) 2024 tidak berbanding lurus‚Ä¶ https://t.co/6ViJavnZJi"
60,2023-01-20,"Menteri Pertahanan Prabowo Subianto terus menguat sebagai figur calon presiden melanjutkan kepemimpinan Presiden Joko Widodo pada Pilpres 2024 mendatang.
#BersatuNegeri #BangkitBersama"
61,2023-01-20,"PDIP berpeluang mengusung Puan Maharani sebagai calon presiden dalam pemilu 2024. Puan dinilai memiliki modal dgn posisi politik yg cukup kuat utk diusung diantara kader PDI Perjuangan lainnya.

Demikian dikatakan Kepala Departemen Politik &amp; Perubahan Sosial CSIS, Arya Fernandes. https://t.co/c6pSNjJJEJ"
62,2023-01-20,"Jokowi dalam beberapa kesempatan telah memberi sinyal untuk Menteri Pertahanan Prabowo Subianto maju sebagai calon presiden atau capres 2024.

#BersatuNegeri #BangkitBersama 
prabowosubianto. https://t.co/fFLZwQw19e"
63,2023-01-20,"Alasan yg paling masuk akal dan simple adalah, Prabowo Subianto satu-satunya calon Presiden yg memiliki tiket pasti untuk melangkah di 2024, pasca bergabungnya PKB dengan Gerindra.

#BangkitBersama #BersatuNegeri https://t.co/mdjJwzVZmY"
64,2023-01-20,"""Partai Gerindra menyambut positif dukungan Presiden Joko Widodo agar Ketua Umum Gerindra Prabowo Subianto maju menjadi calon presiden di tahun 2024.
#BersatuNegeri
#BangkitBersama 
Prabowo Subianto good leader"""
65,2023-01-20,"""Presiden Joko Widodo (Jokowi) angkat bicara soal dukungannya terhadap para calon presiden dan wakil presiden di Pemilihan Presiden (Pilpres) 2024.
https://t.co/ClP8kdRtzG
#BersatuNegeri
#BangkitBersama Prabowo Subianto good leader"""
66,2023-01-20,"""Partai Gerindra menyambut positif dukungan Presiden Joko Widodo agar Ketua Umum Gerindra Prabowo Subianto maju menjadi calon presiden di tahun 2024.
#BersatuNegeri
#BangkitBersama 
Prabowo Subianto good leader"""
67,2023-01-20,"""Presiden Joko Widodo menyatakan bahwa ia mendukung Menteri Pertahanan Prabowo Subianto untuk maju sebagai calon presiden dalam pemilihan umum 2024 mendatang.
 #BersatuNegeri
#BangkitBersama 
Prabowo Subianto good leader https://t.co/a7fUPkMZSs"" https://t.co/hDgEOsLpWU"
68,2023-01-20,"Wakil Ketua DPR RI Sufmi Dasco menjelaskan seluruh kader Gerindra sudah mengamanatkan Prabowo Subianto maju sebagai calon presiden di pilpres 2024
https://t.co/c9Ib1bACX7
#BersatuNegeri  #BangkitBersama"
69,2023-01-20,"Sebelumnya, Partai Gerindra mendeklarasikan Prabowo Subianto sebagai calon presiden mereka. Gerindra menggandeng PKB untuk membentuk koalisi guna menyongsong 2024.
#BersatuNegeri #BangkitBersama"
70,2023-01-20,"Wakil Ketua DPR RI Sufmi Dasco menjelaskan seluruh kader Gerindra sudah mengamanatkan Prabowo Subianto maju sebagai calon presiden di pilpres 2024
https://t.co/WaagCCzR3t
#BersatuNegeri  #BangkitBersama https://t.co/K5OaZOL5te"
71,2023-01-20,"Sekjen Gerindra Ahmad Muzani sangat senang bila Presiden Joko Widodo mendukung Ketua Umum Partai Gerindra Prabowo Subianto maju menjadi calon presiden Pemilu 2024 nanti
https://t.co/EENrbSI6bH
#BersatuNegeri  #BangkitBersama"
72,2023-01-20,"Wakil Ketua DPR RI Sufmi Dasco menjelaskan seluruh kader Gerindra sudah mengamanatkan Prabowo Subianto maju sebagai calon presiden di pilpres 2024
https://t.co/UJITVABT6X
#BersatuNegeri  #BangkitBersama"
73,2023-01-20,"Wakil Ketua DPR RI Sufmi Dasco menjelaskan seluruh kader Gerindra sudah mengamanatkan Prabowo Subianto maju sebagai calon presiden di pilpres 2024
https://t.co/iAX4u4iicy
#BersatuNegeri  #BangkitBersama https://t.co/6SlqOF8lDd"
74,2023-01-20,"Jelas yah ""Partai Gerindra menyambut positif dukungan Presiden Joko Widodo agar Ketua Umum Gerindra Prabowo Subianto maju menjadi calon presiden di tahun 2024.
#BersatuNegeri
#BangkitBersama 
Prabowo Subianto good leader https://t.co/7fLCExsQfZ"" https://t.co/GNDjYyeMTn https://t.co/8Js7KyNYlm"
75,2023-01-20,"Jokowi dalam beberapa kesempatan telah memberi sinyal untuk Menteri Pertahanan Prabowo Subianto maju sebagai calon presiden atau capres 2024.

#BersatuNegeri #BangkitBersama 
prabowosubianto. https://t.co/afUnhCxz9N"
76,2023-01-20,"PDIP belum tentukan calon presiden hadapi Pilpres 2024. Namun nama Ketua DPR RI Puan Maharani santer disebut paling layak capres.
https://t.co/9O3qOpUtzV"
77,2023-01-20,"Menteri Pertahanan Prabowo Subianto terus menguat sebagai figur calon presiden melanjutkan kepemimpinan Presiden Joko Widodo pada Pilpres 2024 mendatang.
#BersatuNegeri #BangkitBersama"
78,2023-01-20,"Sebagai informasi, saat memberikan sambutan di acara HUT Perindo, Presiden Joko Widodo (Jokowi) berkelakar bahwa pada 2024 merupakan tahun kemenangan Prabowo Subianto jika maju sebagai calon presiden (capres) RI. 

#BangkitBersama 
#BersatuNegeri"
79,2023-01-20,"Ketua Umum Projo Budi Arie Setiadi mengatakan pihaknya akan mengikuti arahan Jokowi dalam menentukan sosok yang didukung sebagai calon presiden di Pilpres 2024.
#BersatuNegeri #BangkitBersama Prabowo Subianto #kerjasama"
80,2023-01-20,"Apalagi Partai Gerindra menyatakan bakal mengusung Prabowo Subianto sebagai bakal calon presiden pada Pemilu 2024 mendatang.
#BersatuNegeri
#BangkitBersama https://t.co/RpTmU2lbW4"
81,2023-01-20,"Prabowo Subianto saat ini telah mendeklarasikan diri akan maju dalam pemilihan presiden 2024. Deklarasi Partai Gerindra mendukung Prabowo maju dalam calon presiden
#BangkitBersama
#BersatuNegeri
Prabowo Subianto"
82,2023-01-20,"Sekjen Gerindra Ahmad Muzani sangat senang bila Presiden Joko Widodo mendukung Ketua Umum Partai Gerindra Prabowo Subianto maju menjadi calon presiden Pemilu 2024 nanti
https://t.co/EWKIvv3i34
#BersatuNegeri  #BangkitBersama https://t.co/TmvcjyzuQ0"
83,2023-01-20,"Sekjen Gerindra Ahmad Muzani sangat senang bila Presiden Joko Widodo mendukung Ketua Umum Partai Gerindra Prabowo Subianto maju menjadi calon presiden Pemilu 2024 nanti
https://t.co/dLan9UPnyu
#BersatuNegeri  #BangkitBersama https://t.co/g5Gbclyhxn"
84,2023-01-20,"‚ÄúYa kalau koalisi haknya ketua partai,‚Äù ucap Said. Sebagai informasi, saat memberikan sambutan di acara HUT Perindo, Presiden Jokowi berkelakar bahwa pada 2024 merupakan tahun kemenangan Prabowo Subianto jika maju sebagai calon presiden (capres) RI.
#BersatuNegeri #BangkitBersama"
85,2023-01-20,"Sekjen Gerindra Ahmad Muzani sangat senang bila Presiden Joko Widodo mendukung Ketua Umum Partai Gerindra Prabowo Subianto maju menjadi calon presiden Pemilu 2024 nanti
https://t.co/uKsDiLcd9L
#BersatuNegeri  #BangkitBersama https://t.co/vTVmxoZAtE"
86,2023-01-20,"Sekjen Gerindra Ahmad Muzani sangat senang bila Presiden Joko Widodo mendukung Ketua Umum Partai Gerindra Prabowo Subianto maju menjadi calon presiden Pemilu 2024 nanti
https://t.co/vj6SUrfabJ
#BersatuNegeri  #BangkitBersama https://t.co/iKnqFNB2El"
87,2023-01-20,"kedekatan itu menunjukan kembali endorse Presiden Jokowi kepada Prabowo Subianto yang didapuk sebagai calon presiden (Capres) 2024 dari Partai Gerindra. 
#BersatuNegeri Prabowo Subianto
#BangkitBersama https://t.co/w5Uvm9hsQl"
88,2023-01-20,"Menteri Pertahanan Prabowo Subianto terus menguat sebagai figur calon presiden melanjutkan kepemimpinan Presiden Joko Widodo pada Pilpres 2024 mendatang
#BersatuNegeri #BangkitBersama Prabowo Subianto #kerjasama"
89,2023-01-20,"Mayoritas pemilih pasangan Prabowo-Sandiaga Uno pada kontestasi Pilpres 2019 kemarin, menyatakan akan mendukung kembali Prabowo Subianto 
sebagai calon presiden (Capres) di 2024 mendatang. 

#BangkitBersama 
#BersatuNegeri https://t.co/NkMpgvdXUp"
90,2023-01-20,"Prabowo Subianto saat ini telah mendeklarasikan diri akan maju dalam pemilihan presiden 2024. Deklarasi Partai Gerindra mendukung Prabowo maju dalam calon presiden
#BangkitBersama
#BersatuNegeri
Prabowo Subianto"
91,2023-01-20,"Pak Ganjar selalu unggul menjadi calon Presiden 2024
#ganjarpranowo
#ganjar_pranowo
#ganjarkita
#ganjaruntukindonesia
#sahabatganjar
#relawanganjar
#GanjarPilihanJokowi
#ganjarpranowofor2024
#GanjarPilihanRakyat
#GanjarHebat
#GanjarAmanah
#GanjarBertanggungjawab https://t.co/GuHkAspD4R"
92,2023-01-20,"Mantap Ganjar Calon Presiden 2024
#ganjarpranowo #ganjar_pranowo
#ganjarkita #ganjaruntukindonesia
#sahabatganjar #relawanganjar
#GanjarPilihanJokowi #ganjarpranowofor2024
#GanjarPilihanRakyat #GanjarHebat
#GanjarAmanah #GanjarBertanggungjawab https://t.co/U9dk3SAAeK"
93,2023-01-20,"sobat, kalian tau ga?
Lembaga Survei Nasional (LSN) merilis hasil survei terbarunya, terkait kandidat calon presiden 2024.

Mending Prabowo
Indonesia Terus Maju

@prabowo @gerindra https://t.co/EB9f90F8G9"
94,2023-01-20,siapa calon presiden dan wakil presiden 2024
95,2023-01-20,"luar biasaaa nih temen temennn..
Lembaga Survei Nasional (LSN) merilis hasil survei terbarunya, terkait kandidat calon presiden 2024.

Mending Prabowo
Indonesia Terus Maju

@prabowo @gerindra https://t.co/AXAxTJfHqk"
96,2023-01-20,"Pak Ganjar selalu unggul menjadi calon Presiden 2024

#ganjarpranowo
#ganjar_pranowo
#ganjarkita
#ganjaruntukindonesia
#sahabatganjar
#relawanganjar
#GanjarPilihanJokowi
#ganjarpranowofor2024
#GanjarPilihanRakyat
#GanjarHebat
#GanjarAmanah
#GanjarBertanggungjawab https://t.co/oZh0KCscKh"
97,2023-01-20,"Calon presiden 2024 Ganjar pranowo
#ganjarpranowo
#ganjar_pranowo
#ganjarkita
#ganjaruntukindonesia
#sahabatganjar
#relawanganjar
#GanjarPilihanJokowi
#ganjarpranowofor2024
#GanjarPilihanRakyat
#GanjarHebat
#GanjarAmanah
#GanjarBertanggungjawab https://t.co/XOcnpOiDkz"
98,2023-01-20,"Menurut informasi yang di dapat, Elektabilitas Prabowo unggul tetap tertinggi pada survei calon presiden 2024

Mending Prabowo
Indonesia Terus Maju

@prabowo @Gerindra https://t.co/lptgWY2Iv8"
99,2023-01-20,"Berita panas nih kawan, Elektabilitas Prabowo unggul tetap tertinggi pada survei calon presiden 2024

Mending Prabowo
Indonesia Terus Maju

@prabowo @Gerindra https://t.co/giB4BfCg3S"
100,2023-01-20,"Menurut informasi, Elektabilitas Prabowo unggul tetap tertinggi pada survei calon presiden 2024

Mending Prabowo
Indonesia Terus Maju

@prabowo @Gerindra https://t.co/qd5x1LhAfG"
101,2023-01-20,"Untuk kalian semua , Elektabilitas Prabowo unggul tetap tertinggi pada survei calon presiden 2024

Mending Prabowo
Indonesia Terus Maju

@prabowo @Gerindra https://t.co/j7rd91bZ7j"
102,2023-01-20,"Welcome to news, Elektabilitas Prabowo unggul tetap tertinggi pada survei calon presiden 2024

Mending Prabowo
Indonesia Terus Maju

@prabowo @Gerindra https://t.co/srWqLXTfrD"
103,2023-01-20,"Berita kali ini, Elektabilitas Prabowo unggul tetap tertinggi pada survei calon presiden 2024

Mending Prabowo
Indonesia Terus Maju

@prabowo @Gerindra https://t.co/c8ZcJ1wgsX"
104,2023-01-20,"Selain itu, Elektabilitas Prabowo unggul tetap tertinggi pada survei calon presiden 2024

Mending Prabowo
Indonesia Terus Maju

@prabowo @Gerindra https://t.co/jzjGMqLnOg"
105,2023-01-20,"kabarnya nih gaes,
Lembaga Survei Nasional (LSN) merilis hasil survei terbarunya, terkait kandidat calon presiden 2024.

Mending Prabowo
Indonesia Terus Maju

@prabowo @gerindra https://t.co/THl1ywehz4"
106,2023-01-20,"Putra Presiden Jokowi yang kini menjabat sebagai Wali Kota Solo¬†Gibran Rakabuming Raka¬†mengaku siap jika diusung menjadi calon gubernur di¬†Pilkada¬†2024, jika memang ditugaskan oleh Ketua Umum PDIP Megawati Soekarnoputri. Namun itu bukan berarti ia punya ambisi. https://t.co/wabUE4rn99"
107,2023-01-20,"Sungguh keren, Elektabilitas Prabowo berada teratas dalam survei calon presiden 2024 di Lembaga Survei Nasional.

Mending Prabowo
Indonesia Terus Maju

@prabowo @Gerindra https://t.co/ofqcVsjb26"
108,2023-01-20,"Terbaik emang, Elektabilitas Prabowo berada teratas dalam survei calon presiden 2024 di Lembaga Survei Nasional.

Mending Prabowo
Indonesia Terus Maju

@prabowo @Gerindra https://t.co/9VMHobbSvw"
109,2023-01-20,"Memang mantap nihh, Elektabilitas Prabowo berada teratas dalam survei calon presiden 2024 di Lembaga Survei Nasional.

Mending Prabowo
Indonesia Terus Maju

@prabowo @Gerindra https://t.co/mvZmbIXeIV"
110,2023-01-20,"Nyata nih siss, Elektabilitas Prabowo berada teratas dalam survei calon presiden 2024 di Lembaga Survei Nasional.

Mending Prabowo
Indonesia Terus Maju

@prabowo @Gerindra https://t.co/v8UlQlTECv"
111,2023-01-20,"Siss ini jelas, Elektabilitas Prabowo berada teratas dalam survei calon presiden 2024 di Lembaga Survei Nasional.

Mending Prabowo
Indonesia Terus Maju

@prabowo @Gerindra https://t.co/1Fgmt6i7hM"
112,2023-01-20,"Waww keren, Elektabilitas Prabowo berada teratas dalam survei calon presiden 2024 di Lembaga Survei Nasional.

Mending Prabowo
Indonesia Terus Maju

@prabowo @Gerindra https://t.co/6ehE5k8RSL"
113,2023-01-20,"Mengagumkan banget, Elektabilitas Prabowo berada teratas dalam survei calon presiden 2024 di Lembaga Survei Nasional.

Mending Prabowo
Indonesia Terus Maju

@prabowo @Gerindra https://t.co/upSBGTAWqw"
114,2023-01-20,"Betul keren nihh, Elektabilitas Prabowo berada teratas dalam survei calon presiden 2024 di Lembaga Survei Nasional.

Mending Prabowo
Indonesia Terus Maju

@prabowo @Gerindra https://t.co/IrWfpkfKWC"
115,2023-01-20,"Keren sangat, Elektabilitas Prabowo berada teratas dalam survei calon presiden 2024 di Lembaga Survei Nasional.

Mending Prabowo
Indonesia Terus Maju

@prabowo @Gerindra https://t.co/IRjNokYHWp"
116,2023-01-20,"Sungguh keren, Elektabilitas Prabowo terus berada teratas dalam survei calon presiden 2024 yang dilakukan Lembaga Survei Nasional.

Mending Prabowo
Indonesia Terus Maju

@prabowo @Gerindra https://t.co/NlCu4Pj5Vu"
117,2023-01-20,@sanchezgaylle @SAGA__Jatim Semua mendukung ganjar Pranowo sebagai calon Presiden 2024 surabaya dukung https://t.co/BSPBXBrH78 #sahabatganjar #ganjarpranowo #ganjar_pranowo #ganjarkita #ganjaruntukindonesia #GanjarPilihanJokowi #ganjarpranowofor2024 #GanjarPilihanRakyat #GanjarHebat #GanjarAmanah #GanjarBer
118,2023-01-20,Pak Ganjar selalu unggul menjadi calon Presiden 2024 #ganjarpranowo #ganjar_pranowo #ganjarkita #ganjaruntukindonesia #sahabatganjar #relawanganjar #GanjarPilihanJokowi #ganjarpranowofor2024 #GanjarPilihanRakyat #GanjarHebat #GanjarAmanah #GanjarBertanggungjawab https://t.co/Lsi3uxaqwe
119,2023-01-20,"Sungguh nyata, Elektabilitas Prabowo terus berada teratas dalam survei calon presiden 2024 yang dilakukan Lembaga Survei Nasional.

Mending Prabowo
Indonesia Terus Maju

@prabowo @Gerindra https://t.co/ISg9BYxQob"
120,2023-01-20,"PDIP belum tentukan calon presiden hadapi Pilpres 2024. Namun nama Ketua DPR RI Puan Maharani santer disebut paling layak capres.
https://t.co/sVil9PixEu"
121,2023-01-20,"Pak Ganjar selalu unggul menjadi calon Presiden 2024

#ganjarpranowo
#ganjar_pranowo
#ganjarkita
#ganjaruntukindonesia
#sahabatganjar
#relawanganjar
#GanjarPilihanJokowi
#ganjarpranowofor2024
#GanjarPilihanRakyat
#GanjarHebat
#GanjarAmanah
#GanjarBertanggungjawab https://t.co/TCHGtELZM4"
122,2023-01-20,"PDIP belum tentukan calon presiden hadapi Pilpres 2024. Namun nama Ketua DPR RI Puan Maharani santer disebut paling layak capres.
https://t.co/nD8BE47ZDY"
123,2023-01-20,"Ganjar calon presiden 2024
#ganjarpranowo
#ganjar_pranowo
#ganjarkita
#ganjaruntukindonesia
#sahabatganjar
#relawanganjar
#GanjarPilihanJokowi
#ganjarpranowofor2024
#GanjarPilihanRakyat
#GanjarHebat
#GanjarAmanah
#GanjarBertanggungjawab https://t.co/qQaIZnkv1a"
124,2023-01-20,Elektabilitas Ganjar selalu unggul sebagai calon Presiden 2024 #ganjarpranowo #ganjar_pranowo #ganjarkita #ganjaruntukindonesia #sahabatganjar #relawanganjar #GanjarPilihanJokowi #ganjarpranowofor2024 #GanjarPilihanRakyat #GanjarHebat #GanjarAmanah #GanjarBertanggungjawab https://t.co/sTOKs8U1A6
125,2023-01-20,"Ganjar calon presiden terbaik 2024
#ganjarpranowo
#ganjar_pranowo
#ganjarkita
#ganjaruntukindonesia
#sahabatganjar
#relawanganjar
#GanjarPilihanJokowi
#ganjarpranowofor2024
#GanjarPilihanRakyat
#GanjarHebat
#GanjarAmanah
#GanjarBertanggungjawab https://t.co/V9hfqJ3SKn"
126,2023-01-20,"Iya juga, keakraban dgn Presiden menjadikan orang2 makin yakin Menhan Prabowo menjadi calon di 2024.

@prabowo @Gerindra
Mending Prabowo
Indonesia Terus Maju https://t.co/JrUH7I5NYX"
127,2023-01-20,"Sekjen PDI Perjuangan Hasto Kristiyanto menyindir Partai NasDem di DPR yang dinilai kerap mengambil kebijakan berbeda usai mendeklarasikan Anies Baswedan sebagai calon presiden (capres) di Pilpres 2024. #SolidBergerak 
https://t.co/RDhlfmkQbD"
128,2023-01-20,"PDIP belum tentukan calon presiden hadapi Pilpres 2024. Namun nama Ketua DPR RI Puan Maharani santer disebut paling layak capres.
https://t.co/3cN4VewcE8"
129,2023-01-20,"DPD PDI PerjuanganSulawesi Tenggara menyatakan mendukung Ketua DPR, Puan Maharani, untuk maju di Pilpres 2024.

Ketua DPD PDIP Sultra, Lukman Abunawas, mengatakan, dukungan itu adalah baik maju sebagai presiden ataupun wakil presiden, krn Puan, calon pemimpin masa depan. https://t.co/MMh1ohYsUN"
130,2023-01-20,"Bisa jadi, Pilpres 2024 diikuti oleh 4 Calon Presiden

Sesuai hasil survey, 4 nama ( Ganjar Pranowo, Prabowo, Anies dan Ridwan Kamil) adalah kandidat terbaik

Andai Prabowo harus Nyapres, maka Gerindra bisa berkoalisi dengan PKB agar suara parlemen mencapai angka PT https://t.co/1l16HAOMpM"
131,2023-01-20,siapa capres dari calon presiden 2024
132,2023-01-20,"PDIP belum tentukan calon presiden hadapi Pilpres 2024. Namun nama Ketua DPR RI Puan Maharani santer disebut paling layak capres.
https://t.co/VmBPO94r4D"
133,2023-01-20,"PDIP belum tentukan calon presiden hadapi Pilpres 2024. Namun nama Ketua DPR RI Puan Maharani santer disebut paling layak capres.
https://t.co/ftgWYJVugp"
134,2023-01-20,"Gasskeun guys !! üî•üí™üá≤üá®

KSP Moeldoko, Putra Terbaik Jatim üëç
Semakin mencuat namanya. Beliau bakal menjadi Calon Presiden 2024 mendatang.
@Dr_Moeldoko 
#MoeldokoPenjagaNKRI https://t.co/qbee6mkx56"
135,2023-01-20,"PDIP belum tentukan calon presiden hadapi Pilpres 2024. Namun nama Ketua DPR RI Puan Maharani santer disebut paling layak capres.
https://t.co/OXlURMoV6r"
136,2023-01-20,"Kenyataanya, keakraban dengan Presiden menjadikan orang2 semakin percaya Pak Bowo menjadi calon di 2024.

@prabowo @Gerindra
Mending Prabowo
Indonesia Terus Maju https://t.co/crglm2ICyM"
137,2023-01-20,"Wacana Ridwan Kamil jadi Cawapres 2024 Di Respon Ketum Golkar

Ketua Umum Partai Golkar Airlangga Hartarto merespons terkait pertimbangan Gubernur Jawa Barat Ridwan Kamil menjadi Calon Wakil Presiden (Cawapres) Pemilu 2024, usai menjadikannya anggota partai. https://t.co/eSUz3Oe8L7"
138,2023-01-20,"Partai Golkar (@Golkar2024) yang menjadi motor Koalisi Indonesia Baru (KIB) yang disebut bentukan Joko Widodo (Jokowi), menjadikan @jokowi memiliki lebih banyak jago sebagai bakal calon wakil presiden (cawapres) yang dipersiapkan untuk bertarung di ajang Pilpres 2024. Mengapa?"
139,2023-01-20,Elektabilitas Ganjar selalu unggul untuk menjadi calon presiden 2024 #ganjarpranowo #ganjar_pranowo #ganjarkita #ganjaruntukindonesia #sahabatganjar #relawanganjar #GanjarPilihanJokowi #ganjarpranowofor2024 #GanjarPilihanRakyat #GanjarHebat #GanjarAmanah #GanjarBertanggungjawab https://t.co/gYIik1f9cP
140,2023-01-20,"Ganjar memang cocok dan terbaik untuk menjadi calon presiden 2024
#ganjarpranowo
#ganjar_pranowo
#ganjarkita
#ganjaruntukindonesia
#sahabatganjar
#relawanganjar
#GanjarPilihanJokowi
#ganjarpranowofor2024
#GanjarPilihanRakyat
#GanjarHebat
#GanjarAmanah
#GanjarBertanggungjawab https://t.co/PlaCaZ312Y"
141,2023-01-20,"@alisyarief Di Bawah Ketiak Surya Paloh, Anies Siap Jadi Calon Presiden 2024"
142,2023-01-20,"Menurut Puan, capres PDI-P tak harus dirinya sekalipun dia merupakan putri Megawati, pemimpin tertinggi partai.

Pernyataan Puan Maharani tersirat pesan beri peluang besar kepada Ganjar Pranowo sebagai Calon Presiden PDIP di tahun 2024.
#DukungGanjarTotal https://t.co/44Rm7sGWiq"
143,2023-01-20,"Beragam figur top mengisi bursa calon wakil presiden (cawapres) di Pemilihan Umum (Pemilu) 2024. Menteri Badan Usaha Milik Negara (BUMN) @erickthohir  dinilai figur paling fleksibel dalam bursa tersebut

#ErickThohir #Pemilu2024 #Pilpres2024 

https://t.co/N5kzUkXsi2"
144,2023-01-20,"wah luar biasa banget yaa..           
Elektabilitas Prabowo Subianto masih berada di urutan teratas dalam survei calon presiden 2024 yang dilakukan Lembaga Survei Nasional

Mending Prabowo
Indonesia Terus Maju

@prabowo @gerindra https://t.co/MWmJxMn7Bx"
145,2023-01-20,"kagum banget deh! Elektabilitas Prabowo Subianto masih berada di urutan teratas dalam survei calon presiden 2024 yang dilakukan Lembaga Survei Nasional. Dalam survei yang dilakukan di dua provinsi Jawa Barat dan Jawa Timur
Mending Prabowo
Indonesia Terus Maju

@prabowo @gerindra https://t.co/SDp12M2boS"
146,2023-01-20,"Elektabilitas Prabowo Subianto masih berada di urutan teratas dalam survei calon presiden 2024 yang dilakukan Lembaga Survei Nasional. mantuls banget deh pak prabowo !

Mending Prabowo
Indonesia Terus Maju

@prabowo @gerindra https://t.co/xMgiA3e2MX"
147,2023-01-20,"mantap gak sih guyss
Elektabilitas Prabowo Subianto masih berada di urutan teratas dalam survei calon presiden 2024 yang dilakukan Lembaga Survei Nasional. 

Mending Prabowo
Indonesia Terus Maju

@prabowo @gerindra https://t.co/Bsv4oqlcgK"
148,2023-01-20,"Heyy bestiee, tau gak sih kaliaan
Elektabilitas Prabowo Subianto masih berada di urutan teratas dalam survei calon presiden 2024 yang dilakukan Lembaga Survei Nasional

Mending Prabowo
Indonesia Terus Maju

@prabowo @gerindra https://t.co/PqJGasnRy1"
149,2023-01-20,"infonya nih gaes, Elektabilitas Prabowo Subianto masih berada di urutan teratas dalam survei calon presiden 2024 yang dilakukan Lembaga Survei Nasional. Dalam survei yang dilakukan di dua provinsi Jawa Barat &amp; Jawa Timur

Mending Prabowo
Indonesia Terus Maju

@prabowo @gerindra https://t.co/VpHXhnifXs"
150,2023-01-20,"Iya juga, kedekatan dengan Presiden menjadikan masyarakat semakin percaya Menhan Prabowo menjadi calon di 2024.

@prabowo @Gerinda
Prabowo Lebih Baik
Indonesia Terus Maju https://t.co/BsLQ8KEoHl"
151,2023-01-20,"Wah kalian mesti tau nih kawan,
Elektabilitas Prabowo Subianto masih berada di urutan teratas dalam survei calon presiden 2024 yang dilakukan Lembaga Survei Nasional

Mending Prabowo
Indonesia Terus Maju

@prabowo @gerindra https://t.co/0S23sx7OJ3"
152,2023-01-20,"wawww mantapp nih bestie
Elektabilitas Prabowo Subianto masih berada di urutan teratas dalam survei calon presiden 2024 yang dilakukan Lembaga Survei Nasional. 

Mending Prabowo
Indonesia Terus Maju

@prabowo @gerindra https://t.co/Dt7Jaqgnzg"
153,2023-01-20,"Keren nih temen temen,,
Elektabilitas Prabowo Subianto masih berada di urutan teratas dalam survei calon presiden 2024 yang dilakukan Lembaga Survei Nasional

Mending Prabowo
Indonesia Terus Maju

@prabowo @gerindra https://t.co/QWBZVoy0Yj"
154,2023-01-20,"Arvindo Noviar: Budiman sudjatmiko¬†dinilai punya potensi &amp; layak didorong jadi calon presiden atau¬†capres 2024. @budimandjatmiko dianggap punya kompetensi karena memiliki ideologisme seperti Soekarno atau Bung Karno
https://t.co/njYXVPaWyp"
155,2023-01-20,"Memang jelas, dekatnya dengan Presiden menjadikan masyarakat makin memilih Pak Prabowo menjadi calon di 2024.

@prabowo @Gerinda
Prabowo Lebih Baik
Indonesia Terus Maju https://t.co/MVk7H3PhGO"
156,2023-01-20,"bangga bangett akutuhh..
Elektabilitas Prabowo Subianto masih berada di urutan teratas dalam survei calon presiden 2024 yang dilakukan Lembaga Survei Nasional. 

Mending Prabowo
Indonesia Terus Maju

@prabowo @gerindra https://t.co/tdMfwJf4n2"
157,2023-01-20,"mantulss sekalii yaah kawan,
Elektabilitas Prabowo Subianto masih berada di urutan teratas dalam survei calon presiden 2024 yang dilakukan Lembaga Survei Nasional

Mending Prabowo
Indonesia Terus Maju

@prabowo @gerindra https://t.co/vPtclkR6Tl"
158,2023-01-20,"Iya juga, kedekatan dengan Presiden membuat rakyat makin yakin Prabowo menjadi calon di 2024.

@prabowo @Gerinda
Prabowo Lebih Baik
Indonesia Terus Maju https://t.co/reOaqLsK7t"
159,2023-01-20,"bener bener keren deh ^^
Elektabilitas Prabowo Subianto masih berada di urutan teratas dalam survei calon presiden 2024 yang dilakukan Lembaga Survei Nasional. Dalam survei yang dilakukan di 2 provinsi Jawa Barat dan Jatim
Mending Prabowo
Indonesia Terus Maju

@prabowo @gerindra https://t.co/SEGCvizHIK"
160,2023-01-20,"Kenyataanya, dekatnya dengan Presiden menjadikan orang2 makin memilih Prabowo Subianto menjadi calon di 2024.

@prabowo @Gerinda
Prabowo Lebih Baik
Indonesia Terus Maju https://t.co/G3N9tgdM6F"
161,2023-01-20,"jadi nih gaiss info yg aku dapet,
Elektabilitas Prabowo Subianto masih berada di urutan teratas dalam survei calon presiden 2024 yang dilakukan Lembaga Survei Nasional

Mending Prabowo
Indonesia Terus Maju

@prabowo @gerindra https://t.co/th1PUpflGF"
162,2023-01-20,"info yang aku dapet nih,
Elektabilitas Prabowo Subianto masih berada di urutan teratas dalam survei calon presiden 2024 yang dilakukan Lembaga Survei Nasional. Dalam survei yang dilakukan di dua provinsi Jabar dan Jatim

Mending Prabowo
Indonesia Terus Maju

@prabowo @gerindra https://t.co/Gu8o2XIEod"
163,2023-01-20,"udahh tau belum kalian?
Elektabilitas Prabowo Subianto masih berada di urutan teratas dalam survei calon presiden 2024 yang dilakukan Lembaga Survei Nasional

Mending Prabowo
Indonesia Terus Maju

@prabowo @gerindra https://t.co/myZTR3VmLM"
164,2023-01-20,"FIGUR PEMIMPIN PARTAI PELUANG CAPRES 2024 (Siapakah Mereka Calon Presiden 2024)

AYO BERGABUNG BERSAMA DI DISKUSI AWAL TAHUN 2023 https://t.co/BZeBI1G6lr"
165,2023-01-20,"Setuju, dekatnya dgn Presiden menjadikan masyarakat semakin memilih Menhan Prabowo menjadi calon di 2024.

@prabowo @Gerinda
Prabowo Lebih Baik
Indonesia Terus Maju https://t.co/t3jJqRqLwk"
166,2023-01-20,Calon Presiden 2024 nih bos #ganjarpranowo #ganjarkita https://t.co/cjgF2AnRt8 https://t.co/wk8dBrgfD7
167,2023-01-20,"@brother_djon Masyarakat Bali sngt cerdas memilih yg bkn dr PDIP.
Bahaya Bali klo dikuasai Cina mungkin itu yg ada dlm pikiran masyarakat Bali dan memilih pak anis calon presiden 2024."
168,2023-01-20,"pokoknya kalian mesti tau!
Lembaga Survei Nasional (LSN) merilis hasil survei terbarunya, terkait kandidat calon presiden 2024.

Mending Prabowo
Indonesia Terus Maju

@prabowo @gerindra https://t.co/WbBDW8Iowb"
169,2023-01-20,"the best nihh.. Elektabilitas Prabowo Subianto masih berada di urutan teratas dalam survei calon presiden 2024 yang dilakukan Lembaga Survei Nasional. Dalam survei yang dilakukan di dua provinsi Jawa Barat dan Jawa Timur

Mending Prabowo
Indonesia Terus Maju

@prabowo @gerindra https://t.co/gEi8xouJHB"
170,2023-01-20,"Punya Kans Jadi Cawapres, Ridwan Kamil Dinilai Tahu Diri: Meski punya kans maju sebagai calon wakil presiden (cawapres) 2024, Ridwan Kamil dinilai akan tahu diri. Gubernur Jawa Barat itu juga akan taat dengan putusan Partai Golkar.

baca selengkapnya di‚Ä¶ https://t.co/ec5Nnu4VF3"
171,2023-01-20,"harus tau kalian nih..
Elektabilitas Prabowo Subianto masih berada di urutan teratas dalam survei calon presiden 2024 yang dilakukan Lembaga Survei Nasional

Mending Prabowo
Indonesia Terus Maju

@prabowo @gerindra https://t.co/G6KSTeUbvC"
172,2023-01-20,"kalian tuh tau gak?
Elektabilitas Prabowo Subianto masih berada di urutan teratas dalam survei calon presiden 2024 yang dilakukan Lembaga Survei Nasional. Dalam survei yang dilakukan di dua provinsi Jawa Barat &amp; Jawa Timur
Mending Prabowo
Indonesia Terus Maju

@prabowo @gerindra https://t.co/BCcFkIg95o"
173,2023-01-20,"tidak usah ragu sobat,
Elektabilitas Prabowo Subianto masih berada di urutan teratas dalam survei calon presiden 2024 yang dilakukan Lembaga Survei Nasional

Mending Prabowo
Indonesia Terus Maju

@prabowo @gerindra https://t.co/YMAJTrWucs"
174,2023-01-20,"Setuju bgt, Elektabilitas Prabowo tetap berada di urutan teratas dalam survei calon presiden 2024

Mending Prabowo
Indonesia Terus Maju

@prabowo @Gerindra https://t.co/W1T2s3K0OF"
175,2023-01-20,"Yess faktanya, Elektabilitas Prabowo tetap berada di urutan teratas dalam survei calon presiden 2024

Mending Prabowo
Indonesia Terus Maju

@prabowo @Gerindra https://t.co/VdFd3zsdLh"
176,2023-01-20,"Sepakat, Elektabilitas Prabowo tetap berada di urutan teratas dalam survei calon presiden 2024

Mending Prabowo
Indonesia Terus Maju

@prabowo @Gerindra https://t.co/kX72xTbPEu"
177,2023-01-20,"Update nihh, Elektabilitas Prabowo tetap berada di urutan teratas dalam survei calon presiden 2024

Mending Prabowo
Indonesia Terus Maju

@prabowo @Gerindra https://t.co/DolaiGvBvQ"
178,2023-01-20,"Top banget, Elektabilitas Prabowo tetap berada di urutan teratas dalam survei calon presiden 2024

Mending Prabowo
Indonesia Terus Maju

@prabowo @Gerindra https://t.co/6rFFURuiwh"
179,2023-01-20,"Oke jelas banget, Elektabilitas Prabowo tetap berada di urutan teratas dalam survei calon presiden 2024

Mending Prabowo
Indonesia Terus Maju

@prabowo @Gerindra https://t.co/iKFAz6D0ZB"
180,2023-01-20,"Heyy bestiee, tau gak sih kaliaan
Lembaga Survei Nasional (LSN) merilis hasil survei terbarunya, terkait kandidat calon presiden 2024.

Mending Prabowo
Indonesia Terus Maju

@prabowo @gerindra https://t.co/Cu0QrL2jh1"
181,2023-01-20,"Oke banget, Elektabilitas Prabowo tetap berada di urutan teratas dalam survei calon presiden 2024

Mending Prabowo
Indonesia Terus Maju

@prabowo @Gerindra https://t.co/haq3b2t0T6"
182,2023-01-20,"Faktanya, kedekatan dengan Presiden menjadikan masyarakat menjadi melirik Pak Bowo menjadi calon di 2024.

@prabowo @Gerinda
Mending Prabowo 
Indonesia Terus Maju https://t.co/0kHSLvlQM3"
183,2023-01-20,"infonya nih gaes Elektabilitas Prabowo Subianto masih berada di urutan teratas dalam survei calon presiden 2024 yang dilakukan Lembaga Survei Nasional. Dalam survei yang dilakukan di dua provinsi Jawa Barat dan Jawa Timur

Mending Prabowo
Indonesia Terus Maju

@prabowo @gerindra https://t.co/Qzc0MmWeGh"
184,2023-01-20,"Sepakat bro, Elektabilitas Prabowo tetap berada di urutan teratas dalam survei calon presiden 2024

Mending Prabowo
Indonesia Terus Maju

@prabowo @Gerindra https://t.co/KufnfJc2fB"
185,2023-01-20,"Wah kalian mesti tau nih kawan,
Elektabilitas Prabowo Subianto masih berada di urutan teratas dalam survei calon presiden 2024 yang dilakukan Lembaga Survei Nasional

Mending Prabowo
Indonesia Terus Maju

@prabowo @gerindra https://t.co/WdIwfPK3MY"
186,2023-01-20,"wawww mantapp nih bestie
 Elektabilitas Prabowo Subianto masih berada di urutan teratas dalam survei calon presiden 2024 yang dilakukan Lembaga Survei Nasional. 
Mending Prabowo
Indonesia Terus Maju

@prabowo @gerindra https://t.co/ZjJo4hSsNF"
187,2023-01-20,"For your information nih sobat.. 
Elektabilitas Prabowo Subianto masih berada di urutan teratas dalam survei calon presiden 2024 yang dilakukan Lembaga Survei Nasional

Mending Prabowo
Indonesia Terus Maju

@prabowo @gerindra https://t.co/FJkaRSvN3T"
188,2023-01-20,"Jangan sampai lupa nih ,
Elektabilitas Prabowo Subianto masih berada di urutan teratas dalam survei calon presiden 2024 yang dilakukan Lembaga Survei Nasional

Mending Prabowo
Indonesia Terus Maju

@prabowo @gerindra https://t.co/jOmu9R8mFv"
189,2023-01-20,"jadi infonya nih,Elektabilitas Prabowo Subianto masih berada di urutan teratas dalam survei calon presiden 2024 yang dilakukan Lembaga Survei Nasional. Dalam survei yang dilakukan di dua provinsi Jawa Barat dan Jawa Timur

Mending Prabowo
Indonesia Terus Maju

@prabowo @gerindra https://t.co/dIBZUfCFbF"
190,2023-01-20,"Terbaik emang pak prabowo ~ Elektabilitas Prabowo Subianto masih berada di urutan teratas dalam survei calon presiden 2024 yang dilakukan Lembaga Survei Nasional

Mending Prabowo
Indonesia Terus Maju

@prabowo @gerindra https://t.co/uUERubpbt7"
191,2023-01-20,Kegiatan sosial dilaksanakan oleh relawan puan sebagai wujud dukungan mereka untuk Puan Maharani agar maju sebagai calon presiden dalam Pilpres tahun 2024. https://t.co/dxfjuSv3OT
192,2023-01-20,"Relawan Puan optimis dan berharap dalam pemilihan presiden 2024 mendatang, Puan Maharani akan maju sebagai calon presiden. https://t.co/ewojdYFBF7"
193,2023-01-20,"ihh luar biasa sih ini! Lembaga Survei Nasional (LSN) merilis hasil survei terbarunya, terkait kandidat calon presiden 2024.

Mending Prabowo
Indonesia Terus Maju

@prabowo @gerindra https://t.co/W3mcgBZNoj"
194,2023-01-20,"Mak-mak di Garut, Jawa Barat yang terbagung dalam Relawan Puan mengharapkan Ketua DPP PDI Perjuangan Puan Maharani maju menjadi calon presiden atau Capres 2024. https://t.co/i7jwVJ9Nlq"
195,2023-01-20,Nama Puan Maharani tampaknya makin berkibar. Puan masuk menjadi salah satu dari 9 bakal calon presiden (bacapres) yang akan diusung PAN di Pilpres 2024. https://t.co/847vDS0iuo
196,2023-01-20,"Ketua DPR RI Puan Maharani berpeluang menjadi calon presiden di 2024. Argumentasi politiknya, Puan lahir dari trah Soekarno dan anak dari Megawati. https://t.co/HceURJYR0y"
197,2023-01-19,@MbakPuan_2024 Calon presiden gitu
198,2023-01-19,@Fahrihamzah @ridwankamil @partaigeloraid Calon presiden 2024 selamat kang emil
199,2023-01-19,Kegiatan sosial dilaksanakan oleh relawan puan sebagai wujud dukungan mereka untuk Puan Maharani agar maju sebagai calon presiden dalam Pilpres tahun 2024. https://t.co/aoCBstlC5w
200,2023-01-19,"Relawan Puan optimis dan berharap dalam pemilihan presiden 2024 mendatang, Puan Maharani akan maju sebagai calon presiden. https://t.co/LrqM5vAs1I"
201,2023-01-19,"Mak-mak di Garut, Jawa Barat yang terbagung dalam Relawan Puan mengharapkan Ketua DPP PDI Perjuangan Puan Maharani maju menjadi calon presiden atau Capres 2024. https://t.co/ZLBzu7E3R2"
202,2023-01-19,Nama Puan Maharani tampaknya makin berkibar. Puan masuk menjadi salah satu dari 9 bakal calon presiden (bacapres) yang akan diusung PAN di Pilpres 2024. https://t.co/XpprlYXKiD
203,2023-01-19,"Ketua DPR RI Puan Maharani berpeluang menjadi calon presiden di 2024. Argumentasi politiknya, Puan lahir dari trah Soekarno dan anak dari Megawati. https://t.co/n8Xn0Xd5N4"
204,2023-01-19,"Relawan Puan optimis dan berharap dalam pemilihan presiden 2024 mendatang, Puan Maharani akan maju sebagai calon presiden. https://t.co/Mi5rDf0MJt"
205,2023-01-19,Kegiatan sosial dilaksanakan oleh relawan puan sebagai wujud dukungan mereka untuk Puan Maharani agar maju sebagai calon presiden dalam Pilpres tahun 2024. https://t.co/YOPgYHwe4j
206,2023-01-19,"Mak-mak di Garut, Jawa Barat yang terbagung dalam Relawan Puan mengharapkan Ketua DPP PDI Perjuangan Puan Maharani maju menjadi calon presiden atau Capres 2024. https://t.co/3BNvUytwCr"
207,2023-01-19,"Ketua DPR RI Puan Maharani berpeluang menjadi calon presiden di 2024. Argumentasi politiknya, Puan lahir dari trah Soekarno dan anak dari Megawati. https://t.co/BH4k76IBey"
208,2023-01-19,Nama Puan Maharani tampaknya makin berkibar. Puan masuk menjadi salah satu dari 9 bakal calon presiden (bacapres) yang akan diusung PAN di Pilpres 2024. https://t.co/SnRyAXUHTy
209,2023-01-19,"Ridwan Kamil mengatakan, dirinya akan menerima jabatan tersebut dengan penuh tanggung jawab, khususnya mensukseskan Airlangga sebagai calon presiden (capres) di Pilpres 2024.
#BersamaJuara"
210,2023-01-19,"Namun, peluang Ridwan Kamil menjadi calon presiden harus terkubur perlahan. Karena Golkar sudah solid untuk mengusung Ketua Umum Airlangga Hartarto di Pilpres 2024.
#BersamaJuara"
211,2023-01-19,Partai Golkar belum bisa memastikan apakah Ridwan Kamil (Kang Emil) akan diusung atau tidak sebagai kandidat calon wakil presiden atau Cawapres 2024 setelah menjadi kader. Namun yang pasti Kang Emil sudah paham posisinya dan keputusan yang ada di Golkar‚Ä¶ https://t.co/YNh6USkHHa
212,2023-01-19,@SalmaManor Ganjar Calon Presiden Terbaik 2024
213,2023-01-19,"Namun, peluang Ridwan Kamil menjadi calon presiden harus terkubur perlahan. Karena Golkar sudah solid untuk mengusung Ketua Umum Airlangga Hartarto di Pilpres 2024.
#BersamaJuara"
214,2023-01-19,"Adakah calon presiden 2024 yg berani janji dgn timeline
1. Mengurangi Hutang Negara
2. Mengurangi Korupsi Aparat (PNS, Polisi dan TNI juga BUMN)
3. Mengefisiensi kinerja aparat.
4. Memaksimalkan hasil BUMN.
Kl ada sy pilih kalo tdk ada ya GOLPUT, krn sy anggap calonnya cuma OMDO"
215,2023-01-19,Kegiatan sosial dilaksanakan oleh relawan puan sebagai wujud dukungan mereka untuk Puan Maharani agar maju sebagai calon presiden dalam Pilpres tahun 2024. https://t.co/HdsJX58IJ4
216,2023-01-19,"Relawan Puan optimis dan berharap dalam pemilihan presiden 2024 mendatang, Puan Maharani akan maju sebagai calon presiden. https://t.co/kMRmbRSycP"
217,2023-01-19,"Mak-mak di Garut, Jawa Barat yang terbagung dalam Relawan Puan mengharapkan Ketua DPP PDI Perjuangan Puan Maharani maju menjadi calon presiden atau Capres 2024. https://t.co/1zcOu6Liff"
218,2023-01-19,Nama Puan Maharani tampaknya makin berkibar. Puan masuk menjadi salah satu dari 9 bakal calon presiden (bacapres) yang akan diusung PAN di Pilpres 2024. https://t.co/WefIdOKei8
219,2023-01-19,"Ketua DPR RI Puan Maharani berpeluang menjadi calon presiden di 2024. Argumentasi politiknya, Puan lahir dari trah Soekarno dan anak dari Megawati. https://t.co/CsPQ5oBwjs"
220,2023-01-19,"Namun, peluang Ridwan Kamil menjadi calon presiden harus terkubur perlahan. Karena Golkar sudah solid untuk mengusung Ketua Umum Airlangga Hartarto di Pilpres 2024.
#BersamaJuara"
221,2023-01-19,"Ridwan Kamil mengatakan, dirinya akan menerima jabatan tersebut dengan penuh tanggung jawab, khususnya mensukseskan Airlangga sebagai calon presiden (capres) di Pilpres 2024.
#BersamaJuara"
222,2023-01-19,"Ridwan Kamil mengatakan, dirinya akan menerima jabatan tersebut dengan penuh tanggung jawab, khususnya mensukseskan Airlangga sebagai calon presiden (capres) di Pilpres 2024.
#BersamaJuara"
223,2023-01-19,"Ridwan Kamil mengatakan, dirinya akan menerima jabatan tersebut dengan penuh tanggung jawab, khususnya mensukseskan Airlangga sebagai calon presiden (capres) di Pilpres 2024.
#BersamaJuara"
224,2023-01-19,"Ridwan Kamil mengatakan, dirinya akan menerima jabatan tersebut dengan penuh tanggung jawab, khususnya mensukseskan Airlangga sebagai calon presiden (capres) di Pilpres 2024.
#BersamaJuara"
225,2023-01-19,"Ridwan Kamil mengatakan, dirinya akan menerima jabatan tersebut dengan penuh tanggung jawab, khususnya mensukseskan Airlangga sebagai calon presiden (capres) di Pilpres 2024.
#BersamaJuara"
226,2023-01-19,"Ridwan Kamil mengatakan, dirinya akan menerima jabatan tersebut dengan penuh tanggung jawab, khususnya mensukseskan Airlangga sebagai calon presiden (capres) di Pilpres 2024.
#BersamaJuara"
227,2023-01-19,"Partai Keadilan Sejahtera atau PKS mengatakan lambatnya keputusan soal deklarasi koalisi perubahan dengan Partai Demokrat dan NasDem karena adanya perbedaan soal nama calon presiden (cawapres) 2024. Namun, PKS meminta kepada dua parpol calon koalisi‚Ä¶ https://t.co/Dfv3abFBag"
228,2023-01-19,"Ridwan Kamil mengatakan, dirinya akan menerima jabatan tersebut dengan penuh tanggung jawab, khususnya mensukseskan Airlangga sebagai calon presiden (capres) di Pilpres 2024.
#BersamaJuara"
229,2023-01-19,"Ridwan Kamil mengatakan, dirinya akan menerima jabatan tersebut dengan penuh tanggung jawab, khususnya mensukseskan Airlangga sebagai calon presiden (capres) di Pilpres 2024.
#BersamaJuara"
230,2023-01-19,"Ridwan Kamil mengatakan, dirinya akan menerima jabatan tersebut dengan penuh tanggung jawab, khususnya mensukseskan Airlangga sebagai calon presiden (capres) di Pilpres 2024.
#BersamaJuara"
231,2023-01-19,"Ridwan Kamil mengatakan, dirinya akan menerima jabatan tersebut dengan penuh tanggung jawab, khususnya mensukseskan Airlangga sebagai calon presiden (capres) di Pilpres 2024.
#BersamaJuara"
232,2023-01-19,"Ketua DPR RI Puan Maharani berpeluang menjadi calon presiden di 2024. Argumentasi politiknya, Puan lahir dari trah Soekarno dan anak dari Megawati. https://t.co/1LpxUAn9B0"
233,2023-01-19,Nama Puan Maharani tampaknya makin berkibar. Puan masuk menjadi salah satu dari 9 bakal calon presiden (bacapres) yang akan diusung PAN di Pilpres 2024. https://t.co/JXG7QbeYhO
234,2023-01-19,"Mak-mak di Garut, Jawa Barat yang terbagung dalam Relawan Puan mengharapkan Ketua DPP PDI Perjuangan Puan Maharani maju menjadi calon presiden atau Capres 2024. https://t.co/uMv3zEtTie"
235,2023-01-19,"Relawan Puan optimis dan berharap dalam pemilihan presiden 2024 mendatang, Puan Maharani akan maju sebagai calon presiden. https://t.co/53MT5iAqke"
236,2023-01-19,Kegiatan sosial dilaksanakan oleh relawan puan sebagai wujud dukungan mereka untuk Puan Maharani agar maju sebagai calon presiden dalam Pilpres tahun 2024. https://t.co/KCNZB6HTpn
237,2023-01-19,"Namun, peluang Ridwan Kamil menjadi calon presiden harus terkubur perlahan. Karena Golkar sudah solid untuk mengusung Ketua Umum Airlangga Hartarto di Pilpres 2024.
#BersamaJuara"
238,2023-01-19,"Ridwan Kamil mengatakan, dirinya akan menerima jabatan tersebut dengan penuh tanggung jawab, khususnya mensukseskan Airlangga sebagai calon presiden (capres) di Pilpres 2024.
#BersamaJuara"
239,2023-01-19,"Ridwan Kamil mengatakan, dirinya akan menerima jabatan tersebut dengan penuh tanggung jawab, khususnya mensukseskan Airlangga sebagai calon presiden (capres) di Pilpres 2024.
#BersamaJuara"
240,2023-01-19,"Ridwan Kamil mengatakan, dirinya akan menerima jabatan tersebut dengan penuh tanggung jawab, khususnya mensukseskan Airlangga sebagai calon presiden (capres) di Pilpres 2024.
#BersamaJuara"
241,2023-01-19,"Ridwan Kamil mengatakan, dirinya akan menerima jabatan tersebut dengan penuh tanggung jawab, khususnya mensukseskan Airlangga sebagai calon presiden (capres) di Pilpres 2024.
#BersamaJuara"
242,2023-01-19,"Ridwan Kamil mengatakan, dirinya akan menerima jabatan tersebut dengan penuh tanggung jawab, khususnya mensukseskan Airlangga sebagai calon presiden (capres) di Pilpres 2024.
#BersamaJuara"
243,2023-01-19,"Ridwan Kamil mengatakan, dirinya akan menerima jabatan tersebut dengan penuh tanggung jawab, khususnya mensukseskan Airlangga sebagai calon presiden (capres) di Pilpres 2024.
#BersamaJuara"
244,2023-01-19,"Ridwan Kamil janji narasikan kemana-mana Airlangga Hartarto sebagai calon presiden di Pilpres 2024, gaspol! üí®üí®

#AirlanggaHartarto #Capres2024 #RidwanKamil #GolkarIndonesia https://t.co/eL1rI6YiOz"
245,2023-01-19,"Ridwan Kamil mengatakan, dirinya akan menerima jabatan tersebut dengan penuh tanggung jawab, khususnya mensukseskan Airlangga sebagai calon presiden (capres) di Pilpres 2024.
#BersamaJuara"
246,2023-01-19,"Ridwan Kamil mengatakan, dirinya akan menerima jabatan tersebut dengan penuh tanggung jawab, khususnya mensukseskan Airlangga sebagai calon presiden (capres) di Pilpres 2024.
#BersamaJuara"
247,2023-01-19,"Emil mengatakan, dirinya akan menerima jabatan tersebut dengan penuh tanggung jawab, khususnya mensukseskan Airlangga sebagai calon presiden (capres) di Pilpres 2024. #BersamaJuara #Golkar"
248,2023-01-19,"Emil mengatakan, dirinya akan menerima jabatan tersebut dengan penuh tanggung jawab, khususnya mensukseskan Airlangga sebagai calon presiden (capres) di Pilpres 2024. #BersamaJuara #Golkar"
249,2023-01-19,"Ridwan Kamil mengatakan, dirinya akan menerima jabatan tersebut dengan penuh tanggung jawab, khususnya mensukseskan Airlangga sebagai calon presiden (capres) di Pilpres 2024.
#BersamaJuara"
250,2023-01-19,"Ridwan Kamil mengatakan, dirinya akan menerima jabatan tersebut dengan penuh tanggung jawab, khususnya mensukseskan Airlangga sebagai calon presiden (capres) di Pilpres 2024.
#BersamaJuara"
251,2023-01-19,MENTERI Badan Usaha Milik Negara (BUMN) Erick Thohir menjadi figur yang terus mendapat perhatian besar masyarakat untuk maju sebagai calon wakil presiden (cawapres) di Pilpres 2024.  https://t.co/5mKQHEc7xC
252,2023-01-19,"Ridwan Kamil mengatakan, dirinya akan menerima jabatan tersebut dengan penuh tanggung jawab, khususnya mensukseskan Airlangga sebagai calon presiden (capres) di Pilpres 2024.
#BersamaJuara"
253,2023-01-19,"Ridwan Kamil mengatakan, dirinya akan menerima jabatan tersebut dengan penuh tanggung jawab, khususnya mensukseskan Airlangga sebagai calon presiden (capres) di Pilpres 2024.
#BersamaJuara"
254,2023-01-19,"Emil mengatakan, dirinya akan menerima jabatan tersebut dengan penuh tanggung jawab, khususnya mensukseskan Airlangga sebagai calon presiden (capres) di Pilpres 2024. #BersamaJuara #Golkar"
255,2023-01-19,"Emil mengatakan, dirinya akan menerima jabatan tersebut dengan penuh tanggung jawab, khususnya mensukseskan Airlangga sebagai calon presiden (capres) di Pilpres 2024. #BersamaJuara #Golkar"
256,2023-01-19,"Ridwan Kamil mengatakan, dirinya akan menerima jabatan tersebut dengan penuh tanggung jawab, khususnya mensukseskan Airlangga sebagai calon presiden (capres) di Pilpres 2024.
#BersamaJuara"
257,2023-01-19,"Ridwan Kamil mengatakan, dirinya akan menerima jabatan tersebut dengan penuh tanggung jawab, khususnya mensukseskan Airlangga sebagai calon presiden (capres) di Pilpres 2024.
#BersamaJuara"
258,2023-01-19,"Hal itu disampaikan Jokowi saat menanggapi pertanyaan awak media soal restu bagi Prabowo Subianto untuk maju sebagai calon presiden (capres) Pemilu 2024. Namun, Jokowi memberikan tanggapan tersebut dalam konteks pemerintahan. #PrabowoPemersatu #kerjasama"
259,2023-01-19,"Hal itu disampaikan Jokowi saat menanggapi pertanyaan awak media soal restu bagi Prabowo Subianto untuk maju sebagai calon presiden (capres) Pemilu 2024. Namun, Jokowi memberikan tanggapan tersebut dalam konteks pemerintahan. #PrabowoPemersatu #kerjasama"
260,2023-01-19,"Ridwan Kamil mengatakan, dirinya akan menerima jabatan tersebut dengan penuh tanggung jawab, khususnya mensukseskan Airlangga sebagai calon presiden (capres) di Pilpres 2024.
#BersamaJuara"
261,2023-01-19,"""Partai Gerindra menyambut positif dukungan Presiden Joko Widodo agar Ketua Umum Gerindra Prabowo Subianto maju menjadi calon presiden di tahun 2024.
#PrabowoSatukanNegeri
#kerjasama 
Prabowo Subianto good leader"""
262,2023-01-19,"Emil mengatakan, dirinya akan menerima jabatan tersebut dengan penuh tanggung jawab, khususnya mensukseskan Airlangga sebagai calon presiden (capres) di Pilpres 2024. #BersamaJuara #Golkar"
263,2023-01-19,"Emil mengatakan, dirinya akan menerima jabatan tersebut dengan penuh tanggung jawab, khususnya mensukseskan Airlangga sebagai calon presiden (capres) di Pilpres 2024. #BersamaJuara #Golkar"
264,2023-01-19,"Yaaah menarik sekali Presiden Joko Widodo (Jokowi) angkat bicara soal dukungannya terhadap para calon presiden dan wakil presiden di Pemilihan Presiden (Pilpres) 2024.
https://t.co/DP3cBnQYK2‚Ä¶
#PrabowoSatukanNegeri
#kerjasama Prabowo Subianto good leader"" https://t.co/XeQRx9RkqM"
265,2023-01-19,"Emil mengatakan, dirinya akan menerima jabatan tersebut dengan penuh tanggung jawab, khususnya mensukseskan Airlangga sebagai calon presiden (capres) di Pilpres 2024. #BersamaJuara #Golkar"
266,2023-01-19,"Emil mengatakan, dirinya akan menerima jabatan tersebut dengan penuh tanggung jawab, khususnya mensukseskan Airlangga sebagai calon presiden (capres) di Pilpres 2024. #BersamaJuara #Golkar"
267,2023-01-19,"""Presiden Joko Widodo (Jokowi) angkat bicara soal dukungannya terhadap para calon presiden dan wakil presiden di Pemilihan Presiden (Pilpres) 2024.
https://t.co/ATUHoHfV6M
#PrabowoSatukanNegeri
#kerjasama Prabowo Subianto good leader"""
268,2023-01-19,"""Partai Gerindra menyambut positif dukungan Presiden Joko Widodo agar Ketua Umum Gerindra Prabowo Subianto maju menjadi calon presiden di tahun 2024.
#PrabowoSatukanNegeri
#kerjasama 
Prabowo Subianto good leader"""
269,2023-01-19,"""Presiden Joko Widodo menyatakan bahwa ia mendukung Menteri Pertahanan Prabowo Subianto untuk maju sebagai calon presiden dalam pemilihan umum 2024 mendatang.
 #PrabowoSatukanNegeri
#kerjasama 
Prabowo Subianto good leader https://t.co/CM6oVHQQmK"""
270,2023-01-19,"""Partai Gerindra menyambut positif dukungan Presiden Joko Widodo agar Ketua Umum Gerindra Prabowo Subianto maju menjadi calon presiden di tahun 2024.
#PrabowoSatukanNegeri
#kerjasama 
Prabowo Subianto good leader https://t.co/t55UNVAUnE"""
271,2023-01-19,Presiden Joko Widodo menyatakan bahwa ia mendukung Menteri Pertahanan Prabowo Subianto untuk maju sebagai calon presiden dalam pemilihan umum 2024 mendatang. #PrabowoSatukanNegeri #kerjasama Prabowo Subianto good leader https://t.co/7eXF4BsgX6
272,2023-01-19,"Hal itu disampaikan Jokowi saat menanggapi pertanyaan awak media soal restu bagi Prabowo Subianto untuk maju sebagai calon presiden (capres) Pemilu 2024. Namun, Jokowi memberikan tanggapan tersebut dalam konteks pemerintahan. #PrabowoPemersatu #kerjasama"
273,2023-01-19,Jokowi menjelaskan partai politik dan masyarakat Indonesia harus hati-hati memilih calon presiden untuk Pemilu 2024. - Prabowo Subianto #PrabowoSatukanNegeri #kerjasama
274,2023-01-19,"""Partai Gerindra menyambut positif dukungan Presiden Joko Widodo agar Ketua Umum Gerindra Prabowo Subianto maju menjadi calon presiden di tahun 2024.
#PrabowoSatukanNegeri
#kerjasama 
Prabowo Subianto good leader"""
275,2023-01-19,"""Presiden Joko Widodo (Jokowi) angkat bicara soal dukungannya terhadap para calon presiden dan wakil presiden di Pemilihan Presiden (Pilpres) 2024.
https://t.co/ClP8kdRtzG
#PrabowoSatukanNegeri
#kerjasama Prabowo Subianto good leader"""
276,2023-01-19,"""Partai Gerindra menyambut positif dukungan Presiden Joko Widodo agar Ketua Umum Gerindra Prabowo Subianto maju menjadi calon presiden di tahun 2024.
#PrabowoSatukanNegeri
#kerjasama 
Prabowo Subianto good leader"" https://t.co/Hk0AL5v3Dk"
277,2023-01-19,"Ketua Umum Partai Gerindra¬†Prabowo Subianto¬†melesat tajam dalam survei Indikator Politik Indonesia bertajuk Kinerja Presiden, Elektabilitas Bakal Calon Presiden, dan Partai Menjelang 2024 yang dipaparkan secara daring, Rabu (4/1/2023).  #PrabowoSatukanNegeri #kerjasama https://t.co/mVzLmZecb9"
278,2023-01-19,"Saat berpidato di puncak peringatan HUT ke-8 Perindo, Senin, Jokowi mengatakan setelah dia memenangkan Pilpres 2014 dan 2019, maka saat ini adalah kesempatan bagi Prabowo Subianto untuk menjadi bakal calon presiden di Pilpres 2024. #PrabowoSatukanNegeri #kerjasama"
279,2023-01-19,"""Presiden Joko Widodo menyatakan bahwa ia mendukung Menteri Pertahanan Prabowo Subianto untuk maju sebagai calon presiden dalam pemilihan umum 2024 mendatang.
 #PrabowoSatukanNegeri
#kerjasama 
Prabowo Subianto good leader https://t.co/a7fUPkMZSs"""
280,2023-01-19,"""Partai Gerindra menyambut positif dukungan Presiden Joko Widodo agar Ketua Umum Gerindra Prabowo Subianto maju menjadi calon presiden di tahun 2024.
#PrabowoSatukanNegeri
#kerjasama 
Prabowo Subianto good leader https://t.co/7fLCExsQfZ"""
281,2023-01-19,"Emil mengatakan, dirinya akan menerima jabatan tersebut dengan penuh tanggung jawab, khususnya mensukseskan Airlangga sebagai calon presiden (capres) di Pilpres 2024. #BersamaJuara #Golkar"
282,2023-01-19,"Emil mengatakan, dirinya akan menerima jabatan tersebut dengan penuh tanggung jawab, khususnya mensukseskan Airlangga sebagai calon presiden (capres) di Pilpres 2024. #BersamaJuara #Golkar"
283,2023-01-19,"saat ini adalah kesempatan bagi Prabowo Subianto untuk menjadi bakal calon presiden di Pilpres 2024.

#PrabowoSatukanNegeri #prabowo #kerjasama Prabowo Subianto https://t.co/1yx1yIrRwR"
284,2023-01-19,"Ketua Umum Projo Budi Arie Setiadi¬†mengatakan pihaknya akan mengikuti arahan Presiden Joko Widodo (Jokowi) dalam menentukan sosok yang didukung sebagai calon presiden di Pilpres 2024.
Prabowo Subianto
#PrabowoSatukanNegeri https://t.co/VeaZmlbGiP"
285,2023-01-19,"Dalam artikel itu, ST menulis bahwa Presiden Jokowi akan memutuskan calon presiden yang akan dia dukung dalam Pilpres 2024.
Prabowo Subianto
#PrabowoSatukanNegeri"
286,2023-01-19,"Direktur Eksekutif Sudut Demokrasi Research and Analysis (Sudra), Fadhli Harahab mengatakan, deklarasi Prabowo Subianto maju sebagai calon presiden (capres) 2024 dinilai merupakan simbol dukungan Presiden Joko Widodo terhadap Prabowo Subianto
#PrabowoSatukanNegeri"
287,2023-01-19,"Oh pantes mau disuruh join ke Golkar #KangEmil #RidwanKamil #AirlanggaHartarto #PartaiGolkar

https://t.co/aw24DUj3QK"
288,2023-01-19,"""Partai Gerindra menyambut positif dukungan Presiden Joko Widodo agar Ketua Umum Gerindra Prabowo Subianto maju menjadi calon presiden di tahun 2024.
#PrabowoSatukanNegeri
#kerjasama 
Prabowo Subianto good leader"""
289,2023-01-19,"""Presiden Joko Widodo (Jokowi) angkat bicara soal dukungannya terhadap para calon presiden dan wakil presiden di Pemilihan Presiden (Pilpres) 2024.
https://t.co/ClP8kdRtzG
#PrabowoSatukanNegeri
#kerjasama Prabowo Subianto good leader"" https://t.co/MRCi5HP5JL"
290,2023-01-19,"Jokowi menjelaskan partai politik dan masyarakat Indonesia harus hati-hati memilih calon presiden untuk Pemilu 2024.
Prabowo Subianto
#PrabowoSatukanNegeri"
291,2023-01-19,"Kandidat Capres 2024 Dinilai Masih Sibuk Urusan Popularitas.

Jakarta (https://t.co/ksziGGp1k3) ‚Äì Partai Gelombang Rakyat (Gelora) Indonesia menyesalkan kandidat calon presiden (capres) dan‚Ä¶ https://t.co/Gt4KiM8JbJ #PolitikPemerintahan #capres #pemilu2024 via @beritajatimcom"
292,2023-01-19,"""Partai Gerindra menyambut positif dukungan Presiden Joko Widodo agar Ketua Umum Gerindra Prabowo Subianto maju menjadi calon presiden di tahun 2024.
#PrabowoSatukanNegeri
#kerjasama 
Prabowo Subianto good leader"""
293,2023-01-19,"""Presiden Joko Widodo menyatakan bahwa ia mendukung Menteri Pertahanan Prabowo Subianto untuk maju sebagai calon presiden dalam pemilihan umum 2024 mendatang.
 #PrabowoSatukanNegeri
#kerjasama 
Prabowo Subianto good leader https://t.co/XKnrZgtOLX"""
294,2023-01-19,"""Partai Gerindra menyambut positif dukungan Presiden Joko Widodo agar Ketua Umum Gerindra Prabowo Subianto maju menjadi calon presiden di tahun 2024.
#PrabowoSatukanNegeri
#kerjasama 
Prabowo Subianto good leader https://t.co/dPUt0XHZsw"""
295,2023-01-19,"Prabowo Subianto saat ini telah mendeklarasikan diri akan maju dalam pemilihan presiden 2024. Deklarasi Partai Gerindra mendukung Prabowo maju dalam calon presiden
#PrabowoSatukanNegeri
#kerjasama"
296,2023-01-19,"Jokowi mengatakan setelah dia memenangkan Pilpres 2014 dan 2019, maka saat ini adalah kesempatan bagi Prabowo¬†Subianto¬†untuk menjadi bakal calon presiden di Pilpres 2024.

#PrabowoSatukanNegeri"
297,2023-01-19,"tentang sosok yang layak maju sebagai Calon Presiden (Capres) 2024 di antara anggota Kabinet Jokowi Jilid II.

Prabowo Subianto
#PrabowoSatukanNegeri 
#kerjasama"
298,2023-01-19,"""Presiden Joko Widodo menyatakan bahwa ia mendukung Menteri Pertahanan Prabowo Subianto untuk maju sebagai calon presiden dalam pemilihan umum 2024 mendatang.
 #PrabowoSatukanNegeri
#kerjasama 
Prabowo Subianto good leader https://t.co/XKnrZgtOLX"""
299,2023-01-19,"""Partai Gerindra menyambut positif dukungan Presiden Joko Widodo agar Ketua Umum Gerindra Prabowo Subianto maju menjadi calon presiden di tahun 2024.
#PrabowoSatukanNegeri
#kerjasama 
Prabowo Subianto good leader https://t.co/dPUt0XHZsw"""
300,2023-01-21,"Rangkul Milenial, Sahabat Ganjar Gelar Kegiatan di Purwakarta dan Kudus"
301,2023-01-17,Duet Prabowo-Puan Dinilai Sulit Terwujud di Pilpres 2024
302,2023-01-14,Sandiaga Kepada Prabowo: Tunduk dan Loyal ke Gerindra dan Dukung Prabowo Capres 2024
303,2023-01-13,"Prabowo Ditinggal Pemilih Muslim, Beralih ke Anies Baswedan"
304,2023-01-12,Pemilih Prabowo Pindah ke Anies Baswedan! 
305,2023-01-05,Ramalan Hard Gumay tentang Presiden 2024: Suku Jawa Campuran dan Ini 4 Ciri Lainnya
306,2023-01-03,Ketum PBB Yusril sebut Calon Presiden yang Ideal di Pilpres 2024: Cerdas dan Berani
307,2023-01-02,Kembali pada Sistem Proporsional Tertutup Disebut Kegagalan Partai dalam Menjalankan Fungsinya
308,2023-01-01,Ramalan Capres 2024: Dari yang Pro Kontra Hingga Berlatarbelakang Militer
309,2023-01-01,"Ramalan Pilpres 2024: Ada Lima Bakal Capres, Hanya 2 yang Ikut Pemilu, Semuanya Laki-laki"
